EXAMPLE_ID,PREDICTED_SEQUENCE
cp_000001,CLEAN AFTER VIA ETCH|MEASURE VIA CD|DEPOSIT BARRIER METAL|FILL VIA TUNGSTEN|CMP VIA FILL|DEPOSIT METAL 1|SPIN COAT PHOTORESIST|SOFT BAKE|ALIGN MASK LEVEL 4|EXPOSE LITHO LEVEL 4|DEVELOP PHOTORESIST|METAL PATTERN INSPECTION|HARD BAKE|METAL ETCH|STRIP PHOTORESIST|CLEAN AFTER METAL ETCH|MEASURE LINE WIDTH|DEPOSIT PASSIVATION|CURE PASSIVATION|SPIN COAT PHOTORESIST|SOFT BAKE|ALIGN MASK LEVEL 5|EXPOSE LITHO LEVEL 5|DEVELOP PHOTORESIST|OPEN BOND PAD WINDOW|STRIP PHOTORESIST|CLEAN PAD OPENING|MEASURE PAD OPENING|ELECTRICAL PARAMETRIC TEST|WAFER SORT TEST|SHIP LOT
cp_000002,DEVELOP PAD WINDOW|PASSIVATION ETCH PAD OPENING|STRIP PHOTORESIST|CLEAN PAD OPENING|MEASURE PAD OPENING|PARAMETRIC TEST|GRINDING WAFER BACKSIDE|DEPOSIT BACKSIDE METAL|BACKSIDE ANNEAL|WAFER SORT TEST|FINAL LOT RELEASE|SHIP LOT
cp_000003,MEASURE VIA CD|DEPOSIT BARRIER METAL|FILL VIA TUNGSTEN|CMP VIA FILL|DEPOSIT METAL 1|SPIN COAT PHOTORESIST|SOFT BAKE|ALIGN MASK LEVEL 4|EXPOSE LITHO LEVEL 4|DEVELOP PHOTORESIST|METAL ETCH|STRIP PHOTORESIST|CLEAN AFTER METAL ETCH|DEPOSIT PASSIVATION|SPIN COAT PHOTORESIST|SOFT BAKE|ALIGN MASK LEVEL 5|EXPOSE LITHO LEVEL 5|DEVELOP PHOTORESIST|PASSIVATION ETCH PAD OPENING|STRIP PHOTORESIST|CLEAN PAD OPENING|CURE PASSIVATION|ELECTRICAL PARAMETRIC TEST|WAFER SORT TEST|SHIP LOT
cp_000004,STRIP PHOTORESIST|CLEAN PAD OPENING|MEASURE PAD OPENING|PARAMETRIC TEST|WAFER SORT TEST|FINAL LOT RELEASE|SHIP LOT
cp_000005,CLEAN AFTER VIA ETCH|VIA INSPECTION|DEPOSIT BARRIER METAL|FILL VIA TUNGSTEN|CMP VIA FILL|DEPOSIT METAL 1|SPIN COAT PHOTORESIST|SOFT BAKE|ALIGN MASK LEVEL 4|EXPOSE LITHO LEVEL 4|DEVELOP PHOTORESIST|METAL PATTERN INSPECTION|METAL ETCH|STRIP RESIST|CLEAN AFTER METAL ETCH|DEPOSIT PASSIVATION|CURE PASSIVATION|SPIN COAT PHOTORESIST|SOFT BAKE|ALIGN MASK LEVEL 5|EXPOSE LITHO LEVEL 5|DEVELOP PHOTORESIST|OPEN PAD WINDOW|STRIP RESIST|CLEAN PAD OPENING|PARAMETRIC TEST|WAFER SORT TEST|SHIP LOT
cp_000006,STRIP PHOTORESIST|CLEAN PAD OPENING|MEASURE PAD OPENING|BACKSIDE GRIND|BACKSIDE METALLIZATION PREP|DEPOSIT BACKSIDE METAL|BACKSIDE ANNEAL|ELECTRICAL PARAMETRIC TEST|WAFER SORT TEST|SHIP LOT
cp_000007,VIA ETCH|STRIP PHOTORESIST|CLEAN AFTER VIA ETCH|DEPOSIT BARRIER METAL|FILL VIA TUNGSTEN|CMP VIA FILL|DEPOSIT METAL 1|SPIN COAT PHOTORESIST|SOFT BAKE|ALIGN MASK LEVEL 4|EXPOSE LITHO LEVEL 4|DEVELOP PHOTORESIST|METAL PATTERN INSPECTION|METAL ETCH|STRIP PHOTORESIST|CLEAN AFTER METAL ETCH|DEPOSIT PASSIVATION|SPIN COAT PHOTORESIST|SOFT BAKE|ALIGN MASK LEVEL 5|EXPOSE LITHO LEVEL 5|DEVELOP PHOTORESIST|PASSIVATION ETCH|STRIP PHOTORESIST|CURE PASSIVATION|ELECTRICAL PARAMETRIC TEST|WAFER SORT TEST|SHIP LOT
cp_000008,MEASURE PAD OPENING|GRINDING WAFER BACKSIDE|BACKSIDE METALLIZATION PREP|DEPOSIT BACKSIDE METAL|BACKSIDE ANNEAL|WAFER SORT TEST|SHIP LOT
cp_000009,DEPOSIT BARRIER METAL|DEPOSIT TUNGSTEN SEED|FILL VIA TUNGSTEN|CMP VIA FILL|DEPOSIT METAL 1|SPIN COAT PHOTORESIST|SOFT BAKE|ALIGN MASK LEVEL 4|EXPOSE LITHO LEVEL 4|DEVELOP PHOTORESIST|METAL PATTERN INSPECTION|METAL ETCH|STRIP PHOTORESIST|CLEAN AFTER METAL ETCH|MEASURE LINE WIDTH|ANNEAL METAL 1|DEPOSIT PASSIVATION|CURE PASSIVATION|SPIN COAT PHOTORESIST|SOFT BAKE|ALIGN MASK LEVEL 5|EXPOSE LITHO LEVEL 5|DEVELOP PHOTORESIST|OPEN BOND PAD WINDOW|STRIP PHOTORESIST|CLEAN PAD OPENING|MEASURE PAD OPENING|ELECTRICAL PARAMETRIC TEST|WAFER SORT TEST|FINAL LOT RELEASE|SHIP LOT
cp_000010,PASSIVATION ETCH PAD OPENING|STRIP PHOTORESIST|CLEAN PAD OPENING|MEASURE PAD OPENING|PARAMETRIC TEST|WAFER SORT TEST|YIELD ANALYSIS|LOT RELEASE|SHIP LOT
cp_000011,FILL VIA TUNGSTEN|CMP VIA FILL|DEPOSIT METAL 1|SPIN COAT PHOTORESIST|SOFT BAKE|ALIGN MASK LEVEL 4|EXPOSE LITHO LEVEL 4|DEVELOP PHOTORESIST|METAL PATTERN INSPECTION|METAL ETCH|STRIP RESIST|CLEAN AFTER METAL ETCH|DEPOSIT PASSIVATION|CURE PASSIVATION|SPIN COAT PHOTORESIST|SOFT BAKE|ALIGN MASK LEVEL 5|EXPOSE LITHO LEVEL 5|DEVELOP PHOTORESIST|OPEN PAD WINDOW|STRIP RESIST|CLEAN PAD OPENING|MEASURE PAD OPENING|PARAMETRIC TEST|WAFER SORT TEST|SHIP LOT
cp_000012,STRIP RESIST|CLEAN PAD OPENING|MEASURE PAD OPENING|BACKSIDE GRIND|BACKSIDE METALLIZATION PREP|DEPOSIT BACKSIDE METAL|BACKSIDE ANNEAL|ELECTRICAL PARAMETRIC TEST|WAFER SORT TEST|SHIP LOT
cp_000013,DEPOSIT BARRIER METAL|FILL VIA TUNGSTEN|CMP VIA FILL|DEPOSIT METAL 1|SPIN COAT PHOTORESIST|SOFT BAKE|ALIGN MASK LEVEL 4|EXPOSE LITHO LEVEL 4|DEVELOP PHOTORESIST|METAL PATTERN INSPECTION|METAL ETCH|STRIP RESIST|CLEAN AFTER METAL ETCH|ANNEAL METAL 1|DEPOSIT PASSIVATION|SPIN COAT PHOTORESIST|SOFT BAKE|ALIGN MASK LEVEL 5|EXPOSE LITHO LEVEL 5|DEVELOP PHOTORESIST|OPEN BOND PAD WINDOW|STRIP RESIST|CLEAN PAD OPENING|MEASURE PAD OPENING|ELECTRICAL PARAMETRIC TEST|WAFER SORT TEST|SHIP LOT
cp_000014,CLEAN PAD OPENING|MEASURE PAD OPENING|GRINDING WAFER BACKSIDE|BACKSIDE METALLIZATION PREP|DEPOSIT BACKSIDE METAL|BACKSIDE ANNEAL|ELECTRICAL PARAMETRIC TEST|WAFER SORT TEST|FINAL LOT RELEASE|SHIP LOT
cp_000015,CLEAN AFTER VIA ETCH|MEASURE VIA CD|DEPOSIT BARRIER METAL|FILL VIA TUNGSTEN|CMP VIA FILL|DEPOSIT METAL 1|SPIN COAT PHOTORESIST|SOFT BAKE|ALIGN MASK LEVEL 4|EXPOSE LITHO LEVEL 4|DEVELOP PHOTORESIST|METAL PATTERN INSPECTION|METAL ETCH|STRIP PHOTORESIST|CLEAN AFTER METAL ETCH|DEPOSIT PASSIVATION|CURE PASSIVATION|SPIN COAT PHOTORESIST|SOFT BAKE|ALIGN MASK LEVEL 5|EXPOSE LITHO LEVEL 5|DEVELOP PHOTORESIST|OPEN PAD WINDOW|STRIP PHOTORESIST|CLEAN PAD OPENING|MEASURE PAD OPENING|ELECTRICAL PARAMETRIC TEST|WAFER SORT TEST|FINAL LOT RELEASE|SHIP LOT
cp_000016,PASSIVATION ETCH PAD OPENING|STRIP PHOTORESIST|CLEAN PAD OPENING|MEASURE PAD OPENING|ELECTRICAL PARAMETRIC TEST|WAFER SORT TEST|BACKSIDE GRIND|BACKSIDE METALLIZATION PREP|DEPOSIT BACKSIDE METAL|BACKSIDE ANNEAL|FINAL LOT RELEASE|SHIP LOT
cp_000017,VIA ETCH|STRIP PHOTORESIST|CLEAN AFTER VIA ETCH|MEASURE VIA CD|DEPOSIT BARRIER METAL|FILL VIA TUNGSTEN|CMP VIA FILL|DEPOSIT METAL 1|SPIN COAT PHOTORESIST|SOFT BAKE|ALIGN MASK LEVEL 4|EXPOSE LITHO LEVEL 4|DEVELOP PHOTORESIST|METAL PATTERN INSPECTION|METAL ETCH|STRIP PHOTORESIST|CLEAN AFTER METAL ETCH|MEASURE METAL THICKNESS|DEPOSIT PASSIVATION|SPIN COAT PHOTORESIST|SOFT BAKE|ALIGN MASK LEVEL 5|EXPOSE LITHO LEVEL 5|DEVELOP PHOTORESIST|PASSIVATION ETCH PAD OPENING|STRIP PHOTORESIST|CURE PASSIVATION|MEASURE PAD OPENING|ELECTRICAL PARAMETRIC TEST|WAFER SORT TEST|SHIP LOT
cp_000018,CLEAN PAD OPENING|MEASURE PAD OPENING|BACKSIDE GRIND|BACKSIDE METALLIZATION PREP|DEPOSIT BACKSIDE METAL|BACKSIDE ANNEAL|BACKSIDE CLEAN|MEASURE BACKSIDE CONTACT|WAFER SORT TEST|SHIP LOT
cp_000019,CLEAN AFTER VIA ETCH|MEASURE VIA CD|DEPOSIT BARRIER METAL|FILL VIA TUNGSTEN|CMP VIA FILL|DEPOSIT METAL 1|SPIN COAT PHOTORESIST|SOFT BAKE|ALIGN MASK LEVEL 4|EXPOSE LITHO LEVEL 4|DEVELOP PHOTORESIST|METAL PATTERN INSPECTION|METAL ETCH|STRIP PHOTORESIST|CLEAN AFTER METAL ETCH|MEASURE METAL THICKNESS|DEPOSIT PASSIVATION|CURE PASSIVATION|SPIN COAT PHOTORESIST|SOFT BAKE|ALIGN MASK LEVEL 5|EXPOSE LITHO LEVEL 5|DEVELOP PHOTORESIST|PASSIVATION ETCH PAD OPENING|STRIP PHOTORESIST|CLEAN PAD OPENING|MEASURE PAD OPENING|ELECTRICAL PARAMETRIC TEST|WAFER SORT TEST|SHIP LOT
cp_000020,PASSIVATION ETCH PAD OPENING|STRIP PHOTORESIST|CLEAN PAD OPENING|MEASURE PAD OPENING|PARAMETRIC TEST|GRINDING WAFER BACKSIDE|BACKSIDE METALLIZATION PREP|DEPOSIT BACKSIDE METAL|BACKSIDE ANNEAL|WAFER SORT TEST|FINAL LOT RELEASE|SHIP LOT
cp_000021,STRIP PHOTORESIST|CLEAN AFTER VIA ETCH|MEASURE VIA CD|DEPOSIT BARRIER METAL|FILL VIA TUNGSTEN|CMP VIA FILL|DEPOSIT METAL 1|MEASURE METAL THICKNESS|SPIN COAT PHOTORESIST|SOFT BAKE|ALIGN MASK LEVEL 4|EXPOSE LITHO LEVEL 4|DEVELOP PHOTORESIST|METAL PATTERN INSPECTION|METAL ETCH|STRIP PHOTORESIST|CLEAN AFTER METAL ETCH|MEASURE LINE WIDTH|DEPOSIT PASSIVATION|CURE PASSIVATION|SPIN COAT PHOTORESIST|SOFT BAKE|ALIGN MASK LEVEL 5|EXPOSE LITHO LEVEL 5|DEVELOP PHOTORESIST|OPEN PAD WINDOW|STRIP PHOTORESIST|CLEAN PAD OPENING|MEASURE PAD OPENING|ELECTRICAL PARAMETRIC TEST|WAFER SORT TEST|FINAL LOT RELEASE|SHIP LOT
cp_000022,DEVELOP PAD WINDOW|PASSIVATION ETCH PAD OPENING|STRIP RESIST|CLEAN PAD OPENING|MEASURE PAD OPENING|ELECTRICAL PARAMETRIC TEST|GRINDING WAFER BACKSIDE|DEPOSIT BACKSIDE METAL|BACKSIDE ANNEAL|WAFER SORT TEST|FINAL LOT RELEASE|SHIP LOT
cp_000023,CLEAN AFTER VIA ETCH|MEASURE VIA CD|DEPOSIT BARRIER METAL|FILL VIA TUNGSTEN|CMP VIA FILL|DEPOSIT METAL 1|SPIN COAT PHOTORESIST|SOFT BAKE|ALIGN MASK LEVEL 4|EXPOSE LITHO LEVEL 4|DEVELOP PHOTORESIST|METAL PATTERN INSPECTION|METAL ETCH|STRIP RESIST|CLEAN AFTER METAL ETCH|DEPOSIT PASSIVATION|CURE PASSIVATION|SPIN COAT PHOTORESIST|SOFT BAKE|ALIGN MASK LEVEL 5|EXPOSE LITHO LEVEL 5|DEVELOP PHOTORESIST|PASSIVATION ETCH PAD OPENING|STRIP RESIST|CLEAN PAD OPENING|PARAMETRIC TEST|WAFER SORT TEST|SHIP LOT
cp_000024,PASSIVATION ETCH PAD OPENING|STRIP PHOTORESIST|CLEAN PAD OPENING|MEASURE PAD OPENING|ELECTRICAL PARAMETRIC TEST|FINAL LOT RELEASE|SHIP LOT
cp_000025,FILL VIA TUNGSTEN|CMP VIA FILL|DEPOSIT METAL 1|SPIN COAT PHOTORESIST|SOFT BAKE|ALIGN MASK LEVEL 4|EXPOSE LITHO LEVEL 4|DEVELOP PHOTORESIST|METAL PATTERN INSPECTION|METAL ETCH|STRIP RESIST|CLEAN AFTER METAL ETCH|DEPOSIT PASSIVATION|CURE PASSIVATION|SPIN COAT PHOTORESIST|SOFT BAKE|ALIGN MASK LEVEL 5|EXPOSE LITHO LEVEL 5|DEVELOP PHOTORESIST|OPEN PAD WINDOW|STRIP RESIST|CLEAN PAD OPENING|MEASURE PAD OPENING|PARAMETRIC TEST|GRINDING WAFER BACKSIDE|BACKSIDE METALLIZATION PREP|DEPOSIT BACKSIDE METAL|BACKSIDE ANNEAL|MEASURE BACKSIDE CONTACT|WAFER SORT TEST|FINAL LOT RELEASE|SHIP LOT
